TIMESTAMP,U10,V10,U100,V100
20131101 1:00,3.4622514603,-1.0663743856,4.3236711016,-1.3308594583
20131101 2:00,3.6513406479,-0.3377166709,4.5324442929,-0.4514255833
20131101 3:00,3.6578290024,0.3280494811,4.5272680981,0.341373771
20131101 4:00,3.5516980613,0.7353706176,4.3955626964,0.8187985394
20131101 5:00,3.586920557,1.0508111118,4.4611278309,1.2519711426
20131101 6:00,3.5683824014,1.1849470229,4.4783818136,1.4420684721
20131101 7:00,3.2254265218,1.2596307536,4.113172512,1.5735784279
20131101 8:00,2.2975918315,1.1633280482,3.3327173589,1.720670132
20131101 9:00,1.6329989514,1.1869123842,2.1174618404,1.479464668
20131101 10:00,-0.224060791,0.9672832551,0.7141379099,1.2083422473
20131101 11:00,-0.5554303232,0.4066639345,-0.3510079587,0.44359004
20131101 12:00,-1.0443741785,0.2464869857,-0.8876068223,-0.5218550857
20131101 13:00,-1.2019485016,-0.2443620075,-0.645475931,-1.1289200001
20131101 14:00,-0.8724327849,-0.3244504819,0.0130510774,-0.9288503518
20131101 15:00,0.2375392847,0.4612027115,0.9867508373,-0.0282252991
20131101 16:00,0.5869835188,0.9500863434,1.4980438596,0.7602111658
20131101 17:00,0.3682332821,1.2478385856,1.2547627028,1.2326497747
20131101 18:00,0.0753304228,1.4807339037,0.9010560563,1.4856973674
20131101 19:00,-0.1156125804,1.2429251822,0.8228380012,1.1965001186
20131101 20:00,-0.1758615863,0.5019839592,0.8188120719,0.4005844146
20131101 21:00,-0.7130046463,-0.1603428105,0.7497961409,-0.6296807841
20131101 22:00,-0.125808566,-1.3371029094,0.5605774634,-1.972204219
20131101 23:00,0.6620630492,-1.7100302226,0.8987555253,-2.1348776715
20131102 0:00,1.8999483928,-1.3744447748,2.365919192,-1.6892396696
20131102 1:00,3.3643410336,-2.5290167146,4.2227800166,-3.2420197118
20131102 2:00,4.2011904899,-1.9039780343,5.2827015875,-2.4705021296
20131102 3:00,5.0486097088,-1.0151661025,6.4226063823,-1.348972945
20131102 4:00,5.7287509473,0.4160388567,7.3576620569,0.4582805693
20131102 5:00,5.8454778896,1.2345772393,7.6298351856,1.5605373567
20131102 6:00,5.4314189329,1.3968992402,7.1539637746,1.8185388044
20131102 7:00,4.8330784649,1.678488321,6.5117963082,2.2288543597
20131102 8:00,3.3211428739,3.5981439354,4.9127072498,5.6587193884
20131102 9:00,1.8997395963,4.5389187028,3.199109835,8.1883769563
20131102 10:00,1.6014884721,4.2147695852,2.7451043413,8.0528484849
20131102 11:00,1.4236407293,3.842616705,2.4527915519,7.601501374
20131102 12:00,1.0229088644,3.2888413422,1.6051995465,6.8859359131
20131102 13:00,2.6442185196,3.7025644909,4.4425900275,7.1632097581
20131102 14:00,3.0178366459,4.4325186108,4.505886104,7.313658795
20131102 15:00,1.1465291301,3.1581919268,1.9751938842,6.133069038
20131102 16:00,1.6547968394,3.384353983,3.0656126556,6.9232373272
20131102 17:00,2.3298829742,4.008402895,3.548964512,6.9530784585
20131102 18:00,2.2292404531,4.5567345322,3.1594059325,7.250246391
20131102 19:00,1.5013055059,4.3266134029,2.0672609045,6.8846925326
20131102 20:00,1.1304447089,3.8015413207,1.434875559,5.6543675568
20131102 21:00,0.6382614207,4.2612886952,0.7219315708,5.9391016846
20131102 22:00,0.2991099112,4.9402697477,0.2414568087,6.590011361
20131102 23:00,-0.0878353069,4.881378534,-0.2424704666,6.3624727349
20131103 0:00,-0.3451860458,4.7843812408,-0.5739117396,6.1374208697
20131103 1:00,-0.093065646,4.3366375289,-0.2476727826,5.46326301
20131103 2:00,0.9539600711,4.3142652208,1.0501868853,5.3981994953
20131103 3:00,1.9509785897,5.150030729,2.3240227075,6.531499695
20131103 4:00,1.8764142849,5.4589816498,2.2542391555,6.974329943
20131103 5:00,1.6781714626,5.3417933695,2.0008447822,6.8402194331
20131103 6:00,1.6754925055,5.3332705855,1.9911208447,6.8873572856
20131103 7:00,1.4785891617,5.3657636996,1.7331505008,7.0227956223
20131103 8:00,1.247305869,5.3892013556,1.4711761826,7.2930083823
20131103 9:00,1.0704947031,4.8954125563,1.2400896662,7.5751715837
20131103 10:00,0.7481268704,4.384045515,0.7842085929,7.4118488836
20131103 11:00,-0.7378013115,3.8396526855,-1.7102673929,6.7605498233
20131103 12:00,-3.6641154053,3.4875551706,-5.8566687735,5.6272496235
20131103 13:00,-4.2092831667,3.0204000714,-6.564228231,4.8232504777
20131103 14:00,-4.7446280856,2.7780334007,-7.405062833,4.4700485408
20131103 15:00,-5.2996186896,2.6693679045,-8.2481854202,4.3206680224
20131103 16:00,-5.6831560418,2.5985222623,-8.8436335975,4.2323675382
20131103 17:00,-5.9510517477,2.5143597701,-9.2875027479,4.1347722661
20131103 18:00,-6.1814420547,2.4019655558,-9.6718842802,3.9754330465
20131103 19:00,-6.4020095192,2.1537394711,-9.9973501908,3.6009858803
20131103 20:00,-6.6833000104,1.734525032,-10.3760117598,2.9603094346
20131103 21:00,-7.0909479761,1.1789460485,-10.4229154587,1.9730701862
20131103 22:00,-7.6981782428,0.5487927049,-10.5922263718,0.8185247572
20131103 23:00,-7.2213238863,-0.0829586608,-9.6427124675,-0.0757666131
20131104 0:00,-6.4667509815,-0.3237273094,-8.4495281276,-0.4143624549
20131104 1:00,-6.113967087,-0.0119058411,-7.8855449901,-0.0119315621
20131104 2:00,-5.4235789239,0.0055335141,-6.9051684437,-0.0107035012
20131104 3:00,-4.8473958465,0.1179204698,-6.1231365966,0.1292954492
20131104 4:00,-4.2258991383,0.2157746295,-5.28800102,0.234294662
20131104 5:00,-3.9017040564,0.3533517649,-4.8504625983,0.392714527
20131104 6:00,-3.8217604964,0.4482993654,-4.7583253581,0.5228889896
20131104 7:00,-3.8291285665,0.5122436677,-4.8195988922,0.6186777451
20131104 8:00,-3.9293343191,0.6536962154,-5.1663617078,0.8532373901
20131104 9:00,-3.1221622458,0.5330740087,-5.8299313887,1.0263939866
20131104 10:00,-3.4430416962,0.5543887761,-7.0109220248,1.1903401259
20131104 11:00,-3.993804932,0.5994404437,-7.8782829416,1.2578834792
20131104 12:00,-4.3795233987,0.3620714425,-8.4206671884,0.8077991343
20131104 13:00,-4.6502999728,-0.0540509495,-8.8150871972,0.0599100045
20131104 14:00,-4.8639740041,-0.5002077865,-9.0760670648,-0.8169255269
20131104 15:00,-4.9803895108,-0.9497556093,-9.1509569399,-1.7373572227
20131104 16:00,-5.2161677522,-1.2917607417,-9.3778959553,-2.3544578593
20131104 17:00,-5.4217369064,-1.5959806045,-9.5776022889,-2.8812960147
20131104 18:00,-5.2743755055,-1.7766717013,-9.3225228356,-3.3240119938
20131104 19:00,-4.9851787563,-1.9239373674,-8.872275829,-3.7716402168
20131104 20:00,-4.765610269,-2.0745940192,-8.4624239672,-4.1597074828
20131104 21:00,-5.1679068934,-2.6069787791,-8.0625574221,-4.5852306083
20131104 22:00,-5.3587399075,-3.2735496887,-7.3694856691,-4.7442645037
20131104 23:00,-5.1373294027,-3.8383910264,-6.7603813518,-5.1851383913
20131105 0:00,-4.3301573294,-3.7226130849,-5.5544274241,-4.8750529968
20131105 1:00,-3.5520364351,-2.3322396045,-4.4113594214,-2.9845569999
20131105 2:00,-2.7252828956,-2.0737237358,-3.3028162265,-2.609858845
20131105 3:00,-2.2049747797,-1.7555838366,-2.6105244288,-2.1965888213
20131105 4:00,-1.9145861398,-1.3943579594,-2.227134984,-1.7419917951
20131105 5:00,-1.7410362232,-1.011806699,-2.010246098,-1.2813334753
20131105 6:00,-1.4520141181,-0.6941020118,-1.6548988525,-0.8884514393
20131105 7:00,-1.400769064,-0.4429847453,-1.5961854975,-0.5881418887
20131105 8:00,-2.0454318446,-0.3972874958,-2.4961648344,-0.5600395271
20131105 9:00,-2.7286992325,-0.4325396597,-5.6750110318,-1.0554125289
20131105 10:00,-3.3644795371,-0.4734495783,-7.0972763325,-1.358477213
20131105 11:00,-3.2531069528,-0.7794035443,-6.914563877,-2.1051183893
20131105 12:00,-3.0665749559,-1.173270314,-6.5359941851,-3.0512312304
20131105 13:00,-2.9114732588,-1.6093526381,-6.0991492977,-4.0518957147
20131105 14:00,-2.7208416576,-1.9779771177,-5.6307569358,-4.8828439759
20131105 15:00,-2.4526592078,-2.3152663404,-4.9301401103,-5.7005675962
20131105 16:00,-2.0467983793,-2.4810820745,-4.006938327,-6.2273491199
20131105 17:00,-1.7150720625,-2.5990244994,-3.1744355324,-6.5948839277
20131105 18:00,-1.6914993376,-2.7165317125,-2.9264373314,-6.8500092891
20131105 19:00,-1.6525530965,-2.8984502868,-2.7853500157,-7.1745640144
20131105 20:00,-1.4602133267,-3.1016942443,-2.3270353193,-7.480383832
20131105 21:00,-1.3891535184,-3.8332854487,-1.7889756184,-7.3624641186
20131105 22:00,-1.0656264102,-4.0465392798,-1.281587073,-6.2069611321
20131105 23:00,-0.6966620207,-4.595776698,-0.7479089657,-6.0703065109
20131106 0:00,-0.217349948,-4.6253711073,-0.1458779974,-5.9143659552
20131106 1:00,0.6984705879,-3.767047054,0.9821831836,-4.6764888216
20131106 2:00,1.101751301,-3.0591463732,1.4293571776,-3.7461054434
20131106 3:00,1.6076931624,-2.3547501512,1.9989212103,-2.8672736508
20131106 4:00,2.1201325648,-1.6944099829,2.5933871123,-2.078657133
20131106 5:00,2.4298486871,-1.2378290628,2.9700941144,-1.5484122526
20131106 6:00,2.5247127861,-0.9264328652,3.1014912121,-1.1771180944
20131106 7:00,2.5143167204,-0.6190417633,3.1200351574,-0.8144158672
20131106 8:00,2.0274343128,-0.3657194547,2.9584379202,-0.6186425838
20131106 9:00,2.0109738755,-0.4658468494,2.348077208,-0.8966529204
20131106 10:00,1.2000807552,-1.3765055046,1.7287094366,-1.7300702209
20131106 11:00,-0.1375463577,-2.8418699266,0.9488040821,-3.1956081543
20131106 12:00,-0.8999245049,-2.5254673592,-0.2125767176,-5.8517422314
20131106 13:00,-1.2092074579,-3.5617858948,-1.0173839414,-8.1777006769
20131106 14:00,-1.1277716103,-4.3102381705,-1.2547464406,-9.0467131198
20131106 15:00,-1.0688605717,-4.6466662168,-1.3066694873,-9.4020508348
20131106 16:00,-0.7123621539,-4.4699413651,-0.5198763817,-9.1792743399
20131106 17:00,0.1379493819,-3.6023374897,0.6208411647,-8.1083515201
20131106 18:00,1.4968017955,-2.1069348492,3.0342031822,-5.828421276
20131106 19:00,1.6951933815,-1.4300736608,4.0795518673,-4.2775777426
20131106 20:00,2.1534866087,-0.987510576,5.1598691349,-3.1759694551
20131106 21:00,2.8482903293,0.1529404501,5.3320629122,-0.3823644831
20131106 22:00,1.8719264975,-0.3361818732,2.9239991647,-0.8549206844
20131106 23:00,1.461715074,-0.6605946322,1.978787784,-0.9696843333
20131107 0:00,1.2802170946,-2.4023106637,1.6577126177,-3.1084614263
20131107 1:00,3.5883837783,-0.0726190834,4.4405343946,-0.2937309986
20131107 2:00,3.9141610411,1.3986137155,4.9404042675,1.6393269011
20131107 3:00,3.3514946664,0.7240464137,4.1582299653,0.7479233236
20131107 4:00,3.5708688716,1.7265634135,4.430982741,2.1001800255
20131107 5:00,3.9224806218,2.5287788285,4.9579156325,3.1733996302
20131107 6:00,3.8559239767,4.0000116274,4.8730120447,5.0837305265
20131107 7:00,4.4448627113,5.5988925396,5.9942700505,7.725744671
20131107 8:00,3.3133997445,5.5570158858,4.4601683493,8.0767506123
20131107 9:00,1.504109892,3.7729695288,1.9777997022,5.5559471526
20131107 10:00,0.4116175924,1.7018410516,0.3290781575,2.6153254357
20131107 11:00,-0.2881029266,0.1186008174,0.9817744884,-1.1497814598
20131107 12:00,-0.9041897665,-3.536272432,0.3041377286,-6.7759774109
20131107 13:00,0.3183507147,-3.9066033217,1.0974556267,-6.3858305193
20131107 14:00,0.8249693883,-4.1074094445,1.9841674713,-7.1004685149
20131107 15:00,2.484944662,-0.9994553837,4.4431876317,-2.4262814837
20131107 16:00,4.9689962916,1.9944730898,7.6541351911,3.2074901353
20131107 17:00,5.4948813625,2.1745931547,7.8016551749,3.865941928
20131107 18:00,5.042996772,3.7285701851,7.1792057471,6.3046756533
20131107 19:00,4.4899635959,3.8668135962,6.2654308839,6.6222223951
20131107 20:00,4.4579988913,4.2477397839,6.2537566406,6.788255781
20131107 21:00,4.5928636722,4.0393655912,6.3163730366,6.3640183844
20131107 22:00,4.7986638248,4.6851742272,6.5503885503,6.725125216
20131107 23:00,4.8253740574,5.2356251818,6.5705531524,7.3210777495
20131108 0:00,4.5972423988,5.693745683,6.1157883105,7.7465777574
20131108 1:00,3.5999501216,6.1969101064,4.6462014751,8.2632281035
20131108 2:00,3.2079899596,6.3942565174,4.1741463937,8.4504746513
20131108 3:00,4.0906226094,5.8847805788,5.3454108812,7.8133251353
20131108 4:00,4.6400409691,5.8153065871,6.1037750595,7.7244948618
20131108 5:00,4.5880364268,5.9733850898,6.0682821962,7.8855396742
20131108 6:00,4.0968824154,5.7433154219,5.4725936412,7.6580319233
20131108 7:00,3.6254708692,5.6209807844,4.8124263846,7.6164925868
20131108 8:00,3.1400951404,5.453337022,4.1711886551,7.5410827143
20131108 9:00,2.6234203814,4.9821221222,3.6192746315,7.3276344311
20131108 10:00,1.8862078408,4.5365823932,2.691727805,7.3365813651
20131108 11:00,1.3651993699,4.0996010544,1.9091101702,6.9461116016
20131108 12:00,1.0281328915,3.7356177504,1.4045199642,6.533274503
20131108 13:00,0.8234853868,3.4879278672,1.1075630083,6.3217434199
20131108 14:00,0.3539999348,3.3892546616,0.2894525102,6.1229936712
20131108 15:00,-0.0740744928,2.825407773,-0.5529114444,5.5126849573
20131108 16:00,-0.2411631613,2.4372596023,-0.9338681767,5.0346630537
20131108 17:00,-0.4015105003,2.4725000328,-1.1308535678,5.1445825289
20131108 18:00,-0.5724513572,2.6411506647,-1.3059516932,5.2206314681
20131108 19:00,-0.5743774514,2.3546963079,-1.3846275401,4.9669219818
20131108 20:00,-0.5849709693,2.2625677537,-1.4289936191,4.6703950255
20131108 21:00,-0.7809510503,2.9356599771,-1.1994731034,4.0824536467
20131108 22:00,-0.8276588337,3.9359847698,-1.1255296383,5.1260495941
20131108 23:00,-0.3133916924,4.3820279335,-0.4452497592,5.6404983006
20131109 0:00,-0.0071427206,4.1252762253,-0.0358987363,5.2449160033
20131109 1:00,0.8296733426,4.0330974556,0.9964788733,5.0761360927
20131109 2:00,1.5675891792,4.0131546867,1.9137168256,5.0287449851
20131109 3:00,1.9875760347,4.2139421093,2.4565853206,5.2891173056
20131109 4:00,2.3236723861,4.5284939631,2.8755381808,5.737381429
20131109 5:00,2.4855757159,4.6776114845,3.0623950903,5.9888330704
20131109 6:00,2.3092453567,4.8203835795,2.8506239262,6.2402847117
20131109 7:00,2.0153614247,5.0402072814,2.4860890431,6.6026872991
20131109 8:00,1.476217993,5.4911858038,1.8645439546,7.344218747
20131109 9:00,1.3207266763,5.2903983812,1.8081590626,7.8671935577
20131109 10:00,1.0396667704,4.3490090436,1.4436241795,7.2438611074
20131109 11:00,0.5913601905,3.9773483518,0.7289784554,6.9862764992
20131109 12:00,0.1649613219,3.7099339516,-0.0164822678,6.6835309532
20131109 13:00,-0.8411903945,3.5961695203,-1.8955415753,6.3724222705
20131109 14:00,-2.5035047808,3.6505588899,-4.1686394885,5.9949660372
20131109 15:00,-2.5815176064,3.3695471473,-4.2040439556,5.5076739428
20131109 16:00,-2.4602236926,3.0377719932,-4.2886212936,5.3398536678
20131109 17:00,-2.2651916287,3.0296135877,-4.0794726826,5.4563800382
20131109 18:00,-2.1925221473,3.06134072,-4.0237434289,5.5952081063
20131109 19:00,-2.1930564817,3.0137500216,-4.1011087458,5.5611980173
20131109 20:00,-2.4067902505,2.9670658128,-4.3843444823,5.4022984213
20131109 21:00,-2.881279217,3.1497234454,-4.2512499117,4.6468284123
20131109 22:00,-3.5299612052,3.4271092301,-4.7174087281,4.539222721
20131109 23:00,-3.5737766277,3.3396329941,-4.6157847948,4.3039398104
20131110 0:00,-3.0950129858,3.3659211893,-3.9391660909,4.264354297
20131110 1:00,-2.6473749269,4.1678572039,-3.3769699168,5.2785823821
20131110 2:00,-2.1802450329,4.3414861552,-2.786362235,5.4746754961
20131110 3:00,-1.739943545,4.3660100184,-2.2454074114,5.4826169618
20131110 4:00,-1.4269454742,4.4807816981,-1.8553711436,5.6402245113
20131110 5:00,-1.2196828861,4.7397536933,-1.6201733942,5.9939251748
20131110 6:00,-0.9898002694,4.9771446889,-1.3732157574,6.3580108319
20131110 7:00,-0.8972159661,5.079654437,-1.2889365638,6.5938112743
20131110 8:00,-1.1923284329,4.7946871468,-1.6659062899,6.4435343084
20131110 9:00,-0.6983701329,3.8416898235,-1.3229095721,6.1026621664
20131110 10:00,0.6725088127,3.4115412633,0.6952177832,6.2688220636
20131110 11:00,-0.7062608405,3.8662136867,-1.8396912937,6.6512341799
20131110 12:00,-2.4169662629,4.183061999,-4.0231104006,6.674447695
20131110 13:00,-2.2644125814,3.6386322364,-4.0897497629,6.2413323747
20131110 14:00,-2.3959243758,3.1452121092,-4.4673728161,5.5718057301
20131110 15:00,-2.3790908661,2.8107066154,-4.586278345,5.1900044958
20131110 16:00,-2.2549437322,2.5841061196,-4.5078790952,4.9835263882
20131110 17:00,-2.0613583707,2.3604484873,-4.306654354,4.7526130017
20131110 18:00,-1.8425227447,2.060276402,-4.0936697254,4.4050211579
20131110 19:00,-1.668927176,1.8047377476,-3.8976716009,4.1038563442
20131110 20:00,-1.7778189418,1.8743855191,-3.8989782551,4.1441745546
20131110 21:00,-2.1076505224,2.12158606,-3.5115552956,3.596213423
20131110 22:00,-2.2638865342,2.3163055336,-2.962760547,3.0128211369
20131110 23:00,-2.1965524954,3.3497411281,-2.7844022537,4.2284762671
20131111 0:00,-2.0923951542,3.6386322364,-2.6360970062,4.5968380981
20131111 1:00,-1.4703334277,3.5150991244,-1.830265594,4.3844266783
20131111 2:00,-0.7748791418,3.7426104608,-1.0042318048,4.6598351959
20131111 3:00,-0.2259391015,4.1430304129,-0.3531228181,5.1810316354
20131111 4:00,-0.0828435216,4.4114937898,-0.191560327,5.5364787841
20131111 5:00,-0.0774713326,4.527271781,-0.2037078827,5.7116814566
20131111 6:00,-0.2430324302,4.5823800825,-0.4168974856,5.8276429377
20131111 7:00,-0.4339893303,4.6850129743,-0.6513453111,6.0677588307
20131111 8:00,-1.0640005865,4.2866153452,-1.5180734119,6.048221842
20131111 9:00,-0.9047884396,3.0474369329,-1.600069413,5.0808257904
20131111 10:00,-0.1101928474,2.7203261893,-1.1281368732,5.7135721329
20131111 11:00,-1.7877809599,3.2633199121,-3.7981696211,5.9984340322
20131111 12:00,-2.5887255027,2.9705886593,-4.6169148768,5.3140092035
20131111 13:00,-1.9264811124,2.4038326413,-3.880773,4.8646584642
20131111 14:00,-1.5391951231,2.102000935,-3.4203806381,4.547024842
20131111 15:00,-1.1611883694,1.7379827968,-3.0012899657,4.0661628307
20131111 16:00,-0.8041819909,1.7127037594,-2.4467540469,4.0163750208
20131111 17:00,-0.5287352091,1.7951134213,-1.9553854179,4.2142658092
20131111 18:00,-0.3900350566,1.8380877848,-1.5569455902,4.402703216
20131111 19:00,-0.359267065,1.8173589741,-1.3504371429,4.4770698181
20131111 20:00,-0.2625676629,1.7890464523,-1.0995901172,4.3352690939
20131111 21:00,-0.0227726809,2.1429529756,-0.5687419322,3.8147028798
20131111 22:00,0.0968806197,2.5388227009,-0.0518634361,3.2682974226
20131111 23:00,0.6023547671,3.3401681858,0.6186816398,4.1985101732
20131112 0:00,1.225040311,3.6526170878,1.4271014731,4.6100473861
20131112 1:00,1.9134045415,3.6489524288,2.3156894865,4.5839415019
20131112 2:00,2.2765752792,3.5699205971,2.7677736011,4.4783393213
20131112 3:00,2.6496657032,3.6589705483,3.2629459142,4.5923896764
20131112 4:00,2.8800228631,3.62390713,3.5679830022,4.5600050077
20131112 5:00,3.0894384629,3.6188980703,3.8566055383,4.5846455165
20131112 6:00,3.1654893913,3.8187038982,3.9968131684,4.903564102
20131112 7:00,3.0200006588,4.1604330857,3.8504500814,5.4245348598
20131112 8:00,2.7224100695,4.6958459171,3.5727705798,6.3334176279
20131112 9:00,2.112900455,4.9874845071,3.048872801,7.7428547321
20131112 10:00,1.5430695859,4.6374068866,2.326632521,7.9125222357
20131112 11:00,1.4945733417,3.9394778944,2.2240415722,7.1261379972
20131112 12:00,0.9390709083,3.6094365129,1.2186502734,6.832563935
20131112 13:00,0.109674914,3.2476710864,-0.2114675537,6.3517220058
20131112 14:00,-0.15870771,2.8808966,-0.5985774007,5.8990406582
20131112 15:00,-0.1548500542,2.5976064429,-0.59994528,5.6096906832
20131112 16:00,-0.2121637974,2.3326828382,-0.7510959447,5.2358589637
20131112 17:00,-0.5163675109,2.1545829359,-1.3844240689,4.8993400148
20131112 18:00,-0.8712718433,1.9536639836,-2.2195143926,4.454402827
20131112 19:00,-1.1335924369,1.6559032094,-2.8289046288,3.7764368273
20131112 20:00,-1.2730191389,1.2785540414,-2.9479101295,2.7985606346
20131112 21:00,-2.2765607373,1.4638892522,-2.8535264565,1.8720775031
20131112 22:00,-1.7425509576,1.0153001233,-2.1962604442,1.2412804774
20131112 23:00,-0.8244288802,0.9184583014,-1.0356148428,1.1068137007
20131113 0:00,0.0512589835,0.9646529636,0.023807689,1.1476465439
20131113 1:00,0.2106665645,0.3754633998,0.2408162471,0.4451950153
20131113 2:00,0.7565302901,0.7813201933,0.8744367333,0.9256274811
20131113 3:00,1.3137661765,1.3060287593,1.5176575299,1.5602123142
20131113 4:00,1.9453272578,1.6947180746,2.2866929206,2.0428236121
20131113 5:00,2.2832428974,2.1010150598,2.7262860809,2.5499467705
20131113 6:00,2.2982703958,2.5927092446,2.7672137199,3.1921575157
20131113 7:00,2.038741437,3.0566713491,2.480214967,3.8185717286
20131113 8:00,1.7560620077,3.4343558706,2.1815947857,4.4319129492
20131113 9:00,1.4421091358,3.5769779976,2.0896339177,5.7697158247
20131113 10:00,0.7374413056,4.6325578141,0.9219330058,7.8902641123
20131113 11:00,0.0993818467,4.5066629736,-0.0916576603,7.6985268923
20131113 12:00,-0.2088849447,3.7094757143,-0.6176536142,6.758905573
20131113 13:00,-1.1653649102,3.0082502566,-2.3153927159,5.7599110805
20131113 14:00,-2.7485321737,1.9839240543,-5.1100936003,3.8441730051
20131113 15:00,-3.6688649133,1.4781437336,-6.2398985502,2.7346027863
20131113 16:00,-3.7440024052,1.1259903336,-6.2853737047,2.1866265271
20131113 17:00,-3.666021873,0.6695114888,-6.2681942019,1.4948473528
20131113 18:00,-3.5551433038,0.3248413486,-6.2232243269,0.9490499256
20131113 19:00,-3.6038811364,0.0087836721,-6.3384280516,0.3623993976
20131113 20:00,-3.7273503124,-0.1893026154,-6.3743028957,-0.10114712
20131113 21:00,-3.9312369123,-0.3935515874,-5.5764665738,-0.4780850637
20131113 22:00,-3.7009506531,-0.6435805014,-4.7771144134,-0.8506653434
20131113 23:00,-2.8045806812,-0.9966142849,-3.4088175421,-1.3109436128
20131114 0:00,-1.6117222274,-1.0564803629,-1.8116290598,-1.365959122
20131114 1:00,0.7463363062,-1.1916639257,1.0897253233,-1.4290306326
20131114 2:00,2.7639202475,-0.1248885692,3.429122173,-0.2208223473
20131114 3:00,3.9823794754,0.9329660178,4.943667967,1.0803973067
20131114 4:00,4.4169550283,1.518763217,5.5235481972,1.8437481868
20131114 5:00,4.1759818544,1.7666862703,5.2343534294,2.1674089599
20131114 6:00,3.5857005584,1.8532920745,4.4855278023,2.2918938727
20131114 7:00,3.026725179,1.9733507644,3.8057710286,2.4403362592
20131114 8:00,2.528302033,1.9778111492,3.2060148694,2.5615328912
20131114 9:00,1.7736646748,1.2738137536,3.5329739024,3.008269314
20131114 10:00,1.0635146718,2.1647756106,2.2544547659,5.0596867252
20131114 11:00,-2.0728438681,2.2532399085,-4.3021173309,4.8088378821
20131114 12:00,-4.6872998247,1.1797739748,-8.5923366173,2.3041074867
20131114 13:00,-5.1375283359,1.4618933113,-8.8214066997,2.7080962602
20131114 14:00,-5.2269149662,1.1667645192,-8.8437671199,2.156604609
20131114 15:00,-5.1758368917,0.5846843073,-8.6723372318,1.1489814473
20131114 16:00,-4.7041885429,0.1178307018,-7.9910897634,0.3842213041
20131114 17:00,-4.2910328277,-0.5988044506,-7.1513317609,-0.8817667709
20131114 18:00,-4.6675276668,0.3884273776,-7.6288509564,0.3809330234
20131114 19:00,-4.7507354978,0.542310652,-7.6760562879,0.8403528146
20131114 20:00,-4.7589738969,0.3178046188,-7.5309620058,0.4509264271
20131114 21:00,-5.1573004937,0.3839669928,-8.005499812,0.6374189191
20131114 22:00,-5.4695358199,0.1665232355,-7.500651214,0.1855151981
20131114 23:00,-5.7895976252,0.318919715,-7.6204036866,0.309060602
20131115 0:00,-5.5667489293,0.2798913483,-7.175679774,0.2503413036
20131115 1:00,-4.5244393054,-0.2205564955,-5.7025554042,-0.3756249335
20131115 2:00,-3.1956856555,-0.0996063267,-3.8961606153,-0.1820193468
20131115 3:00,-1.3771605563,-0.241680187,-1.5839254079,-0.3934962184
20131115 4:00,-0.1943608208,-0.4815362964,-0.2285058482,-0.5841232575
20131115 5:00,-0.3028992975,-0.2454279387,-0.3531994599,-0.2956296581
20131115 6:00,0.1757486434,0.0673389767,0.1904646873,0.005203638
20131115 7:00,0.1352995216,0.774301231,0.1455749871,0.8740884905
20131115 8:00,-1.1466005622,1.2751371412,-1.3769340124,1.5119231594
20131115 9:00,-1.4226658183,0.5289938464,-2.3129673913,0.9362124809
20131115 10:00,-1.5524400839,-0.0239698831,-3.1920573542,0.2051918264
20131115 11:00,-1.9013137591,0.0281579361,-4.1763055963,0.3268867665
20131115 12:00,-2.7561385324,0.3484203549,-5.9843629668,0.8421754817
20131115 13:00,-4.0400610723,1.691137581,-7.666064144,3.1867178603
20131115 14:00,-5.2012879429,2.9098382959,-8.652390613,4.9402313162
20131115 15:00,-5.2673548418,2.6601017502,-8.7247129078,4.619824708
20131115 16:00,-5.2525234971,2.3234855058,-8.7184782272,4.1087910607
20131115 17:00,-5.1729735577,1.9374670797,-8.6536375491,3.5203151788
20131115 18:00,-5.0876933259,1.7316814404,-8.5459853976,3.1888453942
20131115 19:00,-5.0536486485,1.7476945613,-8.4873794001,3.2084187063
20131115 20:00,-5.0961202263,1.727592984,-8.4350080832,3.1428906616
20131115 21:00,-5.157468061,1.3337383498,-7.8743024757,2.3071953382
20131115 22:00,-5.3964549554,0.987241669,-7.284501692,1.3804415632
20131115 23:00,-5.1042100507,0.6410856929,-6.6232099044,0.8391969342
20131116 0:00,-4.5291583696,0.8097345199,-5.7183499284,1.0396106294
20131116 1:00,-3.163498303,0.5721293135,-3.8644907375,0.7213135006
20131116 2:00,-2.2826044262,1.301173999,-2.7475368544,1.5887196848
20131116 3:00,-1.724388977,2.0858103272,-2.0528353412,2.5386913035
20131116 4:00,-1.3546760669,2.6409325877,-1.6152522318,3.2161031639
20131116 5:00,-1.2762852624,3.2774568965,-1.5530532312,4.0192396633
20131116 6:00,-1.5384386968,3.7726195995,-1.9183628541,4.6966515238
20131116 7:00,-2.086445111,3.9397916107,-2.6446018887,5.0123704864
20131116 8:00,-2.7864932249,3.7249696201,-3.6634390385,4.920891738
20131116 9:00,-3.0891181909,2.7457625425,-4.9017247748,4.3893767533
20131116 10:00,-3.2502751004,1.8666204217,-6.0922662078,3.6636453488
20131116 11:00,-3.3512716252,1.7574225522,-6.4194679924,3.6340906762
20131116 12:00,-3.3075186181,2.6599925795,-6.0554724328,4.9842231792
20131116 13:00,-3.2105327856,2.6179017643,-5.9363306853,4.7998583169
20131116 14:00,-3.1292251141,2.2748219123,-5.9827609251,4.3236997031
20131116 15:00,-2.9432748338,1.9535816342,-5.8386519732,3.8991444858
20131116 16:00,-2.6712769728,1.7073900738,-5.579781485,3.5876476193
20131116 17:00,-2.5651759306,1.5807205451,-5.4553834839,3.4553552753
20131116 18:00,-2.6136688468,1.5775438798,-5.4908631955,3.4933541401
20131116 19:00,-2.7361772667,1.4314172762,-5.6538070561,3.2860023102
20131116 20:00,-2.9337950156,1.3095127454,-5.7755769304,2.9782584179
20131116 21:00,-3.4934688983,1.3734431345,-5.5889799287,2.5630856364
20131116 22:00,-3.9485001724,1.3381027331,-5.2131577987,1.8575264687
20131116 23:00,-4.0998126554,1.1725190545,-5.2280505171,1.5436839932
20131117 0:00,-3.7268182697,1.1205011603,-4.6297136527,1.4540817319
20131117 1:00,-2.8218132995,1.208121742,-3.4159110071,1.5238557926
20131117 2:00,-2.7213907368,1.2115415788,-3.2787052187,1.5151498388
20131117 3:00,-2.605518549,1.0123360831,-3.1379022749,1.2560196846
20131117 4:00,-2.3669076734,0.9041837432,-2.8496159556,1.1049457804
20131117 5:00,-2.2201362356,0.8763975689,-2.6548556792,1.078827919
20131117 6:00,-2.3025342358,0.8738326913,-2.7571176713,1.0772915742
20131117 7:00,-2.4458724236,0.9229928458,-2.9693498458,1.1361847911
20131117 8:00,-2.596935424,0.9700156023,-3.2453030605,1.2293897083
20131117 9:00,-1.9995499226,0.4296813822,-4.1122175359,0.9902320363
20131117 10:00,-2.4935087675,0.0620489224,-5.6718413847,0.2922193875
20131117 11:00,-2.8776036122,0.0971022499,-6.4914789593,0.2594440321
20131117 12:00,-2.7758935807,0.2334682438,-6.406174986,0.289146698
20131117 13:00,-2.5853482052,0.2651017345,-6.1631100501,0.1298789549
20131117 14:00,-2.516683205,0.0188734823,-6.068042369,-0.5194827755
20131117 15:00,-2.3351501109,-0.068332357,-5.6728691434,-0.7903915731
20131117 16:00,-2.1802247042,0.1411326492,-5.2098638427,-0.682335323
20131117 17:00,-2.0283033914,0.0385375441,-4.5783061128,-1.3588391447
20131117 18:00,-2.0523361414,-0.297461425,-4.0032751122,-2.3677055556
20131117 19:00,-2.2797889545,-0.8232613385,-3.148179862,-3.2838791642
20131117 20:00,-1.9742297037,-1.3182827205,-2.4087074672,-4.0587090523
20131117 21:00,-1.8098628596,-2.1809365623,-1.8485789679,-4.5231972932
20131117 22:00,-1.237797577,-2.7918049171,-1.488863418,-4.0151792833
20131117 23:00,-0.4030886687,-3.9306105834,-0.3542177975,-5.0353122226
20131118 0:00,0.2908569892,-3.4449937527,0.4977941765,-4.2932576899
20131118 1:00,1.1850354124,-3.0517398605,1.5444585801,-3.7722116957
20131118 2:00,1.5197616154,-2.6294342685,1.9109104902,-3.2300818836
20131118 3:00,1.7339547701,-2.2886037957,2.1284300732,-2.8315978509
20131118 4:00,1.9928044312,-1.9290041855,2.4164965481,-2.4214093473
20131118 5:00,2.169059315,-1.5297334439,2.6109904095,-1.9755754095
20131118 6:00,2.3216027794,-0.994386456,2.7951961825,-1.3669429217
20131118 7:00,2.5563458309,-0.214187539,3.1204957391,-0.436969505
20131118 8:00,2.6942672533,0.793800455,3.4560833841,0.8595666601
20131118 9:00,2.0896260602,1.796243022,4.3531067096,3.5085012378
20131118 10:00,1.4845896767,2.2804014533,4.111091678,4.5549873423
20131118 11:00,0.0729698454,2.6442667765,2.1637035191,2.7578190347
20131118 12:00,-0.3522549415,0.1624749234,0.8291914827,-0.0363573867
20131118 13:00,-1.6816751858,-2.207981819,-1.1446517606,-2.9571549026
20131118 14:00,-1.2513129247,-2.2067021051,-2.0519631744,-5.3932809181
20131118 15:00,-0.9371366185,-2.4916517369,-1.2024610191,-6.356239662
20131118 16:00,-0.7185963702,-3.0150547283,-0.517568278,-7.2872771215
20131118 17:00,-0.6427198284,-3.3153609271,-0.3901919455,-7.6873572184
20131118 18:00,-0.5715855703,-3.4057940437,-0.2299917121,-7.7740767075
20131118 19:00,-0.5802797574,-3.4348008925,-0.1858999047,-7.8097221416
20131118 20:00,-0.5312761575,-3.4565560291,-0.0276593072,-7.7565200011
20131118 21:00,-0.3751759801,-3.9773995926,0.2471796254,-7.4835930201
20131118 22:00,0.0599285647,-4.2154263808,0.5078111979,-6.516378105
20131118 23:00,1.126942435,-4.9469961691,1.6248036513,-6.5296786401
20131119 0:00,2.7733053178,-5.0561984232,3.7137755027,-6.5115899124
20131119 1:00,3.2766046196,-4.1291740247,4.1925597451,-5.271027373
20131119 2:00,3.3467671117,-3.4632752049,4.2221279134,-4.360103376
20131119 3:00,3.3067357511,-2.8664709449,4.1383514365,-3.598905339
20131119 4:00,3.1263794065,-2.9381565507,3.9505388117,-3.6754076542
20131119 5:00,3.1431667512,-2.7377823273,3.9445156663,-3.5120205666
20131119 6:00,2.8784432382,-2.8729485599,3.6554046871,-3.6814185504
20131119 7:00,2.8207636435,-2.9109505678,3.6378828096,-3.8355160712
20131119 8:00,2.2827077228,-2.5646140869,3.1582214123,-3.5387963769
20131119 9:00,1.5113507548,1.2848165743,3.1784810832,2.1813910259
20131119 10:00,-0.0524549732,4.4519384577,-1.067288865,7.692289952
20131119 11:00,-0.4506163545,3.8542705157,-1.5869220454,6.9327312502
20131119 12:00,-0.1226174652,3.8352695118,-0.9440881636,6.6354651108
20131119 13:00,-2.9420304899,3.6076893055,-4.8941764285,5.6616999263
20131119 14:00,-3.6346160711,3.3399478864,-5.7423448125,4.984654436
20131119 15:00,-0.98910272,3.4945469639,-2.0819150855,5.339843757
20131119 16:00,0.5630810001,4.1284895498,0.5480092195,6.25568576
20131119 17:00,1.1790474182,3.9406387154,1.1727736651,6.7627868213
20131119 18:00,0.9728643894,3.5571639087,0.8677834844,5.9190755727
20131119 19:00,-0.6068677939,2.9728830376,-1.0656461889,5.0043264599
20131119 20:00,-1.8319135142,2.9029247959,-3.0795669872,4.9917582224
20131119 21:00,-0.8802002016,2.8230342111,-1.6038963642,3.9524196248
20131119 22:00,1.7722002652,3.0164989785,2.1704255667,3.9480480639
20131119 23:00,1.5664476811,3.3965190572,1.858864682,4.2655326723
20131120 0:00,2.0020577546,3.7350824001,2.4502280485,4.6879347417
20131120 1:00,-0.441772145,2.2674626833,-0.4362195258,2.7137285235
20131120 2:00,0.4743267117,2.2576606825,0.6360965242,2.6676672065
20131120 3:00,1.7357372159,2.8084397722,2.0916859347,3.3533394694
20131120 4:00,2.7102926997,3.633208121,3.2606165992,4.5182826506
20131120 5:00,2.2639345968,4.4047656085,2.7409149096,5.5543707553
20131120 6:00,1.2417787166,4.7328992526,1.5056280539,5.9904956299
20131120 7:00,0.9824818205,4.8509900235,1.1844640884,6.2382938542
20131120 8:00,1.8284327246,4.8024467817,2.1245986056,6.3403284171
20131120 9:00,3.1445419299,5.5875403655,4.1184694392,8.0848279157
20131120 10:00,2.828458596,5.3835653975,3.8344649408,8.3967621509
20131120 11:00,1.4923071186,5.0222916557,1.9419863674,7.8224533254
20131120 12:00,0.9845695572,4.431837801,1.1844640884,6.9950987837
20131120 13:00,0.9954257879,3.8185126113,1.2157842107,6.3181723406
20131120 14:00,0.6597177292,3.7251602232,0.7417355806,6.2231344334
20131120 15:00,0.1452994104,3.6924868874,-0.0476376701,6.016733089
20131120 16:00,-0.0847691721,3.4479036306,-0.3162475321,5.2202804435
20131120 17:00,-0.1269414531,2.8056392006,-0.4707247452,4.5550150933
20131120 18:00,-0.5282044437,2.8140409155,-0.9171691997,4.1375479673
20131120 19:00,-0.6902128103,2.8084397722,-1.1082750304,4.1019816339
20131120 20:00,-0.5795627661,3.1225705581,-0.9707850022,4.481550208
20131120 21:00,-0.5970997542,3.7723031792,-0.8370109208,4.9444955963
20131120 22:00,-0.5290395384,3.5599264963,-0.7223474223,4.5334420714
20131120 23:00,-0.5244465177,3.3414819082,-0.697928344,4.1556226613
20131121 0:00,-0.2413494234,2.9914104529,-0.3268645227,3.653029557
20131121 1:00,1.5654524653,1.6298960252,1.9153759789,1.9082553905
20131121 2:00,2.5017449824,1.5038889519,3.034697833,1.7602746278
20131121 3:00,3.2056453263,1.6545724104,3.9028653905,1.9560544865
20131121 4:00,3.4456018017,2.1087229038,4.2192545693,2.5257149448
20131121 5:00,3.1354654114,2.8710656975,3.8468721166,3.5137811882
20131121 6:00,2.597979716,3.5173769777,3.1722347097,4.3892249041
20131121 7:00,2.263049224,4.0303307721,2.7601677036,5.1219261143
20131121 8:00,2.1474834959,4.7312451174,2.682973093,6.1951140354
20131121 9:00,2.0810857321,4.8656526623,2.8259462099,6.9546613132
20131121 10:00,1.6200835368,4.2046405568,2.3877852509,7.0757960084
20131121 11:00,1.1099133771,3.9442259386,1.6076847844,7.0149012697
20131121 12:00,0.8859259841,3.6743607899,1.2124701229,6.7896562149
20131121 13:00,0.3148211678,3.3472674287,0.2845039233,6.4000608439
20131121 14:00,-0.4953996459,2.8374638112,-1.2903748583,5.7092656904
20131121 15:00,-1.3472241217,2.5880748119,-2.984850924,5.0754365827
20131121 16:00,-1.3186478689,2.1649010574,-2.8701462561,4.5712543379
20131121 17:00,-0.8832802533,1.98324086,-2.131904839,4.5437534882
20131121 18:00,-0.5428866541,1.9155120581,-1.5507707632,4.6157795232
20131121 19:00,-0.3050313738,1.8246819594,-1.0876030994,4.6190534338
20131121 20:00,-0.2672098628,2.191152531,-0.9250595179,4.8567393492
20131121 21:00,-0.4542162228,2.8012367777,-0.7619723123,4.1083233677
20131121 22:00,-0.5416259371,3.7494400044,-0.7168515188,4.879656724
20131121 23:00,-0.0747403956,3.7573154465,-0.1574624037,4.7624507216
20131122 0:00,0.7098458384,3.4622488831,0.8014903649,4.3250562548
20131122 1:00,1.2914953225,3.7196231167,1.4912389772,4.6589198042
20131122 2:00,1.6808008789,3.6376858102,1.9577239338,4.5482923392
20131122 3:00,1.9704011865,3.4369669052,2.3167945912,4.2908444731
20131122 4:00,2.3208175588,3.4699617937,2.7715151245,4.3352320363
20131122 5:00,2.7097094005,3.7317212425,3.3142130839,4.6876009989
20131122 6:00,2.9711771068,4.1122622899,3.7019275544,5.2223004131
20131122 7:00,2.8189300879,4.4609082784,3.5822373353,5.7358303741
20131122 8:00,2.4230050959,4.7826084413,3.1449076885,6.2794073009
20131122 9:00,1.599299078,4.9552816912,2.1541386524,7.0210210478
20131122 10:00,1.0569190733,4.8661954922,1.4820320373,7.8862370859
20131122 11:00,1.1247682882,4.3784210572,1.5776819132,7.4177775736
20131122 12:00,1.0966356869,3.710274565,1.4932849638,6.6488484032
20131122 13:00,0.9932070056,3.2285491928,1.2820368421,6.1134661034
20131122 14:00,0.7726970571,3.0151822471,0.8656785584,5.9379645077
20131122 15:00,0.4859927525,2.8397594233,0.4211879583,5.8150451021
20131122 16:00,0.282031393,2.8430589121,0.1342383304,5.8628470932
20131122 17:00,0.1484015367,2.7875175165,-0.0974696579,5.8409947544
20131122 18:00,0.0544882941,2.8040149607,-0.2560336234,6.0007899816
20131122 19:00,-0.0042591969,2.7985158126,-0.4059021456,6.0588352565
20131122 20:00,0.157089546,2.7853178572,-0.1818666073,5.7221726624
20131122 21:00,0.3192657183,3.2054527708,0.2687619528,4.6930640836
20131122 22:00,0.2592770831,4.2651386066,0.2084053465,5.6265686803
20131122 23:00,0.0582117266,4.6225832321,-0.0739408114,5.9352329653
20131123 0:00,-0.0903118597,4.1628544523,-0.2279013069,5.2468842942
20131123 1:00,0.8203850098,4.1615146716,0.8781624291,5.2491658473
20131123 2:00,1.094709847,3.697182906,1.1944594828,4.6395923289
20131123 3:00,1.3909247815,3.5269279253,1.5724316327,4.3996859194
20131123 4:00,1.549744424,3.5721705076,1.8247902837,4.439670321
20131123 5:00,1.7248652029,3.7114700373,2.0760172816,4.6192229168
20131123 6:00,1.6843452354,3.7281383571,2.0109472259,4.6652426997
20131123 7:00,1.5227311124,4.0126903878,1.8762805018,5.0990357357
20131123 8:00,1.7067010795,4.717522196,2.1688128394,6.3340256486
20131123 9:00,1.3010356583,4.8395581087,1.6488182199,6.6946396855
20131123 10:00,1.00249199,3.8781532352,1.4247508975,6.7527302312
20131123 11:00,0.613127705,3.657297998,0.7084144576,6.6938852628
20131123 12:00,0.1315455631,3.1667731584,-0.2614122864,6.2759351029
20131123 13:00,-0.7948247273,3.0209253603,-2.0205670981,5.9319183648
20131123 14:00,-1.5996351153,2.9304401957,-3.1669317326,5.6361846777
20131123 15:00,-1.7556602774,2.8244773056,-3.3225340398,5.4166476803
20131123 16:00,-2.1086963157,2.7286344668,-3.8255538621,5.1616528174
20131123 17:00,-2.4435682306,2.2672791869,-4.4802152057,4.5701854432
20131123 18:00,-2.5972646589,1.6987704227,-4.9606019651,3.7720062569
20131123 19:00,-2.6466338146,1.2594411368,-5.0533975229,2.9436501639
20131123 20:00,-3.014573749,1.0594212993,-5.0635824012,2.316724924
20131123 21:00,-3.6675506958,1.1159745272,-4.9283498505,1.554758026
20131123 22:00,-3.7825901436,0.6272355791,-4.8802545919,0.8523905191
20131123 23:00,-3.3582948522,0.3855449421,-4.1961702666,0.5377962651
20131124 0:00,-2.8543568662,0.4688865411,-3.4928478379,0.629835831
20131124 1:00,-1.7155260201,0.5824218342,-2.0267301584,0.7404012197
20131124 2:00,-1.086858135,0.9076632548,-1.2470641473,1.1235099471
20131124 3:00,-0.9962233303,1.367997115,-1.1406232574,1.6631441512
20131124 4:00,-1.033543544,1.7477852942,-1.1908720024,2.1093679902
20131124 5:00,-1.1228454839,2.0521256203,-1.3124415467,2.4792225441
20131124 6:00,-1.3978599156,2.2055702404,-1.6668843071,2.6818220524
20131124 7:00,-1.7719506288,2.247882212,-2.1337113574,2.7632405463
20131124 8:00,-2.1216054879,2.0322440915,-2.589732226,2.5543295269
20131124 9:00,-2.5099134254,1.4719928043,-3.8140726149,2.265893467
20131124 10:00,-2.9159928932,0.919388259,-6.1536109573,1.7622348764
20131124 11:00,-3.5299992657,0.9357013083,-7.3028483832,1.7723332943
20131124 12:00,-3.9116428794,0.8577045413,-7.892325596,1.9522113623
20131124 13:00,-4.2066502827,0.9122512999,-8.162480139,2.1617535328
20131124 14:00,-4.2670734858,0.7215925362,-8.2354218656,1.8341861036
20131124 15:00,-4.1626657451,0.3560782751,-8.106287994,1.0635505911
20131124 16:00,-3.9476302283,-0.0201414246,-7.8604473599,0.2310622691
20131124 17:00,-3.7605848717,-0.1883697456,-7.5751641625,-0.3420229442
20131124 18:00,-3.5722066503,-0.2418969386,-7.2920422014,-0.8008698055
20131124 19:00,-3.5757609563,-0.2510730288,-7.2131570749,-1.1315929902
20131124 20:00,-3.7334832879,-0.2831893447,-7.1526424573,-1.348077823
20131124 21:00,-4.0840267235,-0.5217676908,-6.6436712983,-1.4250782591
20131124 22:00,-4.1822144285,-1.1809168394,-5.5068609813,-1.7362357593
20131124 23:00,-3.9827290007,-1.8390464224,-5.0157200221,-2.4860432851
20131125 0:00,-3.2576505636,-1.9236703657,-3.9496901955,-2.4942482496
20131125 1:00,-1.6879778173,-1.7011969542,-1.8933318432,-2.1212043887
20131125 2:00,-0.6660804978,-1.1245479929,-0.6156477183,-1.3874846787
20131125 3:00,-0.1896528188,-0.6283616774,-0.050171341,-0.7720885947
20131125 4:00,0.0666797675,-0.4719065328,0.2515785534,-0.5631822883
20131125 5:00,0.1956089552,-0.32036855,0.3675987067,-0.3689956676
20131125 6:00,0.2947852535,-0.0016470698,0.4061095979,-0.0276121913
20131125 7:00,0.1376289654,0.3197564985,0.2647405036,0.3352846714
20131125 8:00,-0.2533545181,0.6112100821,-0.2159144171,0.7185626373
20131125 9:00,-1.3359019584,0.4829168635,-2.7439838074,0.8397169721
20131125 10:00,-2.8418559029,0.3523885715,-6.3893565224,0.3035807333
20131125 11:00,-3.6181011605,-0.1433507293,-7.9200425782,-0.7420830819
20131125 12:00,-3.2568705665,-0.3047230355,-7.4715613135,-1.0664823055
20131125 13:00,-3.4392023764,-0.4044073133,-7.5924562631,-1.4967500367
20131125 14:00,-3.7969999447,-0.6985429851,-8.0087638719,-2.1664957289
20131125 15:00,-3.8896916389,-1.3087180488,-7.8742194925,-3.469754041
20131125 16:00,-3.5742347209,-2.1227318151,-6.9655574517,-5.2446084323
20131125 17:00,-3.3674902838,-2.517445794,-6.2704114913,-6.1538320853
20131125 18:00,-3.2564891192,-2.5724286019,-5.7800069779,-6.4131250076
20131125 19:00,-3.0367754738,-2.7494464226,-5.0770613434,-6.6718517881
20131125 20:00,-2.6660086972,-2.7999590836,-4.3273176638,-6.9402029783
20131125 21:00,-2.7319990802,-3.3220722516,-3.5902484548,-6.7239368292
20131125 22:00,-2.1983543061,-3.9599622267,-2.7883444542,-5.6443045089
20131125 23:00,-1.6906479484,-4.0757390336,-2.0386007746,-5.3397202465
20131126 0:00,-0.9510216317,-3.4700341169,-1.0353676846,-4.3370832045
20131126 1:00,1.2097385598,-1.4216828988,1.5653878498,-1.6436631452
20131126 2:00,1.178035762,-0.7555817434,1.4649126863,-0.85188359
20131126 3:00,1.1514613579,-0.3775643963,1.4012982336,-0.4237361268
20131126 4:00,1.2498332748,-0.1344473574,1.5089077283,-0.159157938
20131126 5:00,1.5556720307,0.2870543381,1.8656242852,0.3289432034
20131126 6:00,1.8251458125,0.661612703,2.1860746588,0.7714274157
20131126 7:00,2.0321464339,1.0806436969,2.4518284937,1.2849437034
20131126 8:00,1.9221190766,1.7704635878,2.4072389241,2.2129223755
20131126 9:00,0.7733588716,1.9325416137,1.6379202164,4.1640236004
20131126 10:00,-1.2509580157,2.4247053755,-2.505342592,5.4810495107
20131126 11:00,-3.8067629847,1.0277706823,-8.0207750893,1.419187809
20131126 12:00,-4.6576101333,-1.2591107325,-8.7841485211,-2.7547612041
20131126 13:00,-3.6967356275,-1.9449775009,-7.5439639582,-4.3669938128
20131126 14:00,-3.3447413276,-2.6407270757,-6.7056800495,-6.0698086093
20131126 15:00,-3.1419366648,-3.1931759568,-5.9619260284,-7.2819155827
20131126 16:00,-2.8510168726,-3.8103572202,-5.0005749075,-8.4216871399
20131126 17:00,-2.5614957333,-4.3440287691,-4.2062860408,-9.2245450922
20131126 18:00,-2.0570482731,-4.5999934564,-3.2241264542,-9.6605126003
20131126 19:00,-1.7111148023,-4.6844914516,-2.5778749586,-9.9257424596
20131126 20:00,-1.2355728343,-4.8697940727,-1.7609940433,-10.1375353447
20131126 21:00,-0.7054834053,-5.5037761072,-0.7508916597,-9.6781077016
20131126 22:00,-0.3017389502,-5.3861707103,-0.2604063939,-8.266589581
20131126 23:00,0.7071559701,-5.9069946107,1.0832259704,-7.995494688
20131127 0:00,3.0517643593,-5.6747486589,4.1474211942,-7.4246314037
20131127 1:00,4.0507121621,-4.270015037,5.251690067,-5.4670953673
20131127 2:00,4.4049939064,-3.3905929555,5.6066869983,-4.3506679137
20131127 3:00,4.540593845,-3.0342358337,5.7949258169,-3.9056009986
20131127 4:00,4.8014622983,-2.5351319393,6.1318337326,-3.2745767857
20131127 5:00,4.9844145964,-1.8570847692,6.3811229789,-2.4261466143
20131127 6:00,4.8152375301,-1.3982558571,6.2160607115,-1.8600707224
20131127 7:00,4.4803272056,-1.2437834567,5.859367935,-1.7199190824
20131127 8:00,3.8966017557,-1.2080967636,5.3308295103,-1.7199190824
20131127 9:00,1.7153798863,-0.6075406986,4.378895064,-1.2734848343
20131127 10:00,2.5982861531,0.5527866391,4.9837465233,1.5903942858
20131127 11:00,1.4291133493,4.7153844917,2.1064624785,9.2290004947
20131127 12:00,1.746374158,4.2264767953,2.8741150782,8.2294800187
20131127 13:00,1.7833950936,3.7232944217,2.6406537206,7.3885701792
20131127 14:00,1.7799512856,3.0416785823,2.8859859947,6.4280186959
20131127 15:00,0.3714338282,1.6228776241,1.1782698652,4.4727324024
20131127 16:00,-0.6914114047,-0.0508282853,0.8781052625,1.60338395
20131127 17:00,-0.4464705633,1.0100861215,1.1839226826,2.0669098615
20131127 18:00,-0.5312743344,1.0111057413,0.4993664982,1.8679628995
20131127 19:00,-1.0383750571,-0.2889095097,-1.2524416069,-0.4722276539
20131127 20:00,0.2431519816,0.8632608696,0.038661882,-0.1796183764
20131127 21:00,0.3632547843,1.2670303123,0.1042345636,0.4240591751
20131127 22:00,3.0154173928,3.3128974503,3.7870450846,4.4303450771
20131127 23:00,3.7988837047,4.6791879886,4.7977688316,6.2222350685
20131128 0:00,3.3752953251,5.0900947699,4.3223668902,6.7951476258
20131128 1:00,0.8726923706,4.1902676892,0.8605718548,5.6981108685
20131128 2:00,2.2629216968,5.3316694452,2.8305920156,7.1792673311
20131128 3:00,0.5804019733,4.4777636202,0.6246484678,5.8875611137
20131128 4:00,0.5156541005,4.5668015391,0.5036928226,5.9291827585
20131128 5:00,1.4521858322,5.0752831485,1.7797149997,6.74367529
20131128 6:00,-0.7700536595,4.5201370877,-1.1747164511,6.000944215
20131128 7:00,-2.1066347482,2.0984129671,-2.8363595958,2.9159191991
20131128 8:00,-0.068926694,3.6474582075,-0.249585403,4.9883900635
20131128 9:00,0.7640084412,3.5224832971,0.8755416129,5.0479520724
20131128 10:00,0.9966382985,4.168812769,1.2042774999,6.1222210765
20131128 11:00,1.0465866576,4.0454469777,1.2515819353,6.154513732
20131128 12:00,0.4328693203,4.1242938095,0.3773480646,6.0160141209
20131128 13:00,-0.2710325541,4.9674721744,-0.5621539513,7.0465086366
20131128 14:00,-1.2695372498,4.8022692886,-1.9405692735,6.930255077
20131128 15:00,-1.990551062,4.3243609406,-3.0124039506,6.3267412276
20131128 16:00,-2.5473827681,4.2304956646,-3.872865644,6.369080487
20131128 17:00,-2.8336608629,3.8207066883,-4.7393152405,6.4264896522
20131128 18:00,-3.2050361619,3.9435361066,-5.4105591919,6.6704786044
20131128 19:00,-3.5176758907,3.7638511497,-5.8626458854,6.3504225083
20131128 20:00,-3.7900794413,3.5664658836,-6.1428797563,5.9320532168
20131128 21:00,-4.3469111474,3.7574146736,-6.121922095,5.3170575344
20131128 22:00,-4.7747095928,3.5771933437,-6.4273051594,4.812574495
20131128 23:00,-4.7654598966,3.3792717046,-6.2608414498,4.4358268483
20131129 0:00,-4.6933122669,3.0499386792,-6.0686297563,3.9464137148
20131129 1:00,-4.3210311639,2.8940337136,-5.4990492173,3.6969836307
20131129 2:00,-3.8415448275,2.7933179843,-4.8427309851,3.5306278683
20131129 3:00,-3.5423165124,2.930188078,-4.4390873265,3.6808846859
20131129 4:00,-3.4778241981,3.0551788805,-4.3622784938,3.8324830823
20131129 5:00,-3.4345622731,3.0944321904,-4.3135446138,3.8955372825
20131129 6:00,-3.5643480483,3.0541458987,-4.502653257,3.8680349186
20131129 7:00,-3.7586261378,3.0903002631,-4.8167748968,3.9740196382
20131129 8:00,-3.9829472308,3.1579605736,-5.2400180506,4.1812935518
20131129 9:00,-3.942088746,2.7158443463,-5.7750312989,4.0042051596
20131129 10:00,-3.4658069967,1.8682827471,-6.4027448624,3.6553946901
20131129 11:00,-3.8223173053,1.721082835,-7.1533525582,3.4762939298
20131129 12:00,-4.3602873551,1.6281144694,-8.0273841024,3.2435300203
20131129 13:00,-4.8061255275,1.624499033,-8.6572165302,3.1556566136
20131129 14:00,-5.1001463887,1.7133354712,-9.0640384853,3.2086489734
20131129 15:00,-5.3897609428,1.6513565608,-9.5052919861,3.1730971371
20131129 16:00,-5.5271576122,1.2748346804,-9.7902792411,2.624391437
20131129 17:00,-5.6072722883,0.9628741649,-9.947075203,2.1367275691
20131129 18:00,-5.8167721662,0.6700238134,-10.2267652971,1.5900342371
20131129 19:00,-6.115599908,0.3461840068,-10.6187552018,0.8843638258
20131129 20:00,-6.2722240998,-0.1542956944,-10.7003314792,-0.1882283679
20131129 21:00,-6.6391493162,-0.6041592855,-10.1605507862,-0.9529282433
20131129 22:00,-7.3313401175,-1.3200157001,-10.1271786727,-1.9121570344
20131129 23:00,-7.281268445,-2.2228418278,-9.759025992,-3.1048205242
20131130 0:00,-6.9700229284,-2.6871671646,-9.1699817028,-3.6495014881
20131130 1:00,-5.8770245719,-3.0400045062,-7.560553653,-4.0874074468
20131130 2:00,-5.4310510475,-3.0264369121,-6.9074987244,-4.0189938266
20131130 3:00,-4.6640086124,-3.0641246736,-5.8396582805,-4.0183484151
20131130 4:00,-4.4454255385,-2.8696558239,-5.5319847033,-3.7621200454
20131130 5:00,-4.4702463271,-2.6028264718,-5.5664135405,-3.434250998
20131130 6:00,-4.3005041598,-2.677196988,-5.3860720121,-3.5394530743
20131130 7:00,-4.2132310644,-2.7264423298,-5.3297835957,-3.6724078454
20131130 8:00,-4.6908310775,-2.4540854395,-6.195422932,-3.4594220469
20131130 9:00,-4.0418875559,-1.5189264487,-6.5932672734,-2.7139717522
20131130 10:00,-4.1964169818,-0.9320023749,-7.8627623354,-2.1827980789
20131130 11:00,-4.7192548838,-1.2048617688,-8.7043561346,-2.7204258673
20131130 12:00,-4.9810741701,-1.8490712402,-9.1295249501,-4.0454556986
20131130 13:00,-5.0347191003,-2.5284559557,-9.03498227,-5.3653222378
20131130 14:00,-5.2761212863,-3.2068356642,-9.0705040862,-6.6200022144
20131130 15:00,-5.4995083838,-3.99576614,-9.1912782613,-7.8475749076
20131130 16:00,-4.6291794413,-3.9882285877,-7.7365232656,-8.0231268385
20131130 17:00,-3.8505272825,-3.9213956238,-6.4194836188,-8.2490208672
20131130 18:00,-3.3849373284,-4.9289151169,-5.3254116798,-9.6779619517
20131130 19:00,-2.8248682435,-5.4258910663,-4.2739659203,-10.3072381746
20131130 20:00,-2.5274191154,-6.6238593812,-3.6482354657,-11.8768789684
20131130 21:00,-2.5290204566,-7.4238449338,-3.5531462962,-12.5042189567
20131130 22:00,-3.1051029536,-6.6530045835,-4.4237040378,-12.5616605812
20131130 23:00,-2.2864172647,-6.1650736968,-2.957472763,-9.0099610383
20131201 0:00,1.0471747797,-5.4203635279,1.3368415709,-7.3351181682
